球员,球队,OffensiveRating,DefensiveRating,NetRating,UsagePercent,号码,出场时间,首发,进攻篮板,防守篮板,助攻,犯规,抢断,失误,盖帽,扣篮,被侵,得分,Game_ID,2分中,2分投,3分中,3分投,罚球中,罚球投,出场
约翰逊,青岛,131.90210648053608,118.56311284408422,13.33899363645186,27.956015812499935,1148,862,1,137,268,81,101,27,57,45,36,237,662,56537656004076,234,373,0,4,194,279,28
焦海龙,青岛,123.70398240792473,120.28499276940582,3.4189896385189087,15.824631448258783,476,442,7,30,48,10,61,13,16,10,2,22,181,56537656004076,58,95,17,44,14,15,19
刘传兴,青岛,121.45240162898065,119.85561957408046,1.5967820549001885,19.090258051467252,588,302,17,50,74,6,52,5,19,17,6,43,137,56537656004076,51,90,0,0,35,55,25
许家晗,青岛,117.56422767534514,117.18954504992772,0.3746826254174209,10.341477789045316,84,112,2,1,9,11,20,7,3,1,0,7,30,56537656004076,12,16,1,6,3,4,10
王庆明,青岛,121.27793334486022,121.4828531576604,-0.2049198128001848,13.226177230258754,896,746,21,15,63,33,85,20,17,5,1,47,254,56537656004076,37,74,51,122,27,34,28
亚当斯,青岛,115.0507366413233,116.28732663837488,-1.2365899970515812,39.55467875604498,112,998,27,24,202,166,63,75,108,5,1,218,974,56537656004076,206,364,117,334,211,241,28
赵戌宏,青岛,107.23735747463763,118.18461427255403,-10.947256797916395,10.370539042024996,560,100,8,8,18,4,16,3,4,6,2,7,21,56537656004076,8,16,0,0,5,9,13
赵泰隆,青岛,111.75197528616813,122.87316404587722,-11.121188759709085,12.54143122880176,224,738,26,17,37,15,63,13,10,1,0,25,209,56537656004076,26,67,43,121,28,36,28
张骋宇,青岛,108.53863649765259,121.49786023136951,-12.959223733716925,19.89664046606677,168,581,0,15,37,21,21,17,13,3,0,23,259,56537656004076,73,158,29,82,26,32,25
赵大鹏,青岛,99.99962701914555,118.61793934752959,-18.618312328384036,12.731047997253453,840,365,4,16,42,20,55,19,21,2,2,22,94,56537656004076,21,47,12,31,16,19,23
翟逸,青岛,99.8277186254119,119.8635490198636,-20.035830394451693,14.2658720728971,924,621,16,10,31,41,80,25,29,5,29,64,193,56537656004076,76,124,4,20,29,72,26
林韦翰,青岛,98.4905680046104,120.05382709959808,-21.563259094987686,10.954623259554433,448,391,1,11,32,39,32,17,20,0,0,12,87,56537656004076,18,35,15,40,6,9,23
杨金蒙,青岛,97.54744600499026,122.06549709424219,-24.518051089251927,18.235372818189457,196,214,8,8,7,9,37,5,10,0,0,14,77,56537656004076,24,47,6,27,11,14,19
邵英伦,青岛,73.97787473736399,120.53738107839837,-46.55950634103438,5.592258518975082,231,100,2,1,11,4,25,3,3,2,0,3,8,42403242003830,2,6,1,3,1,2,10
王睿泽,青岛,,122.46953481641299,,0.0,56,1,0,0,0,0,1,0,0,0,0,0,0,56537656004076,0,0,0,0,0,0,1
丁皓然,青岛,,,,,980,0,0,0,0,0,0,0,0,0,0,0,0,56537656004076,0,0,0,0,0,0,0
史文龙,青岛,,,,,728,0,0,0,0,0,0,0,0,0,0,0,0,56537656004076,0,0,0,0,0,0,0
周湛东,青岛,,,,,672,0,0,0,0,0,0,0,0,0,0,0,0,56537656004076,0,0,0,0,0,0,0
张昊,青岛,,,,,1375,0,0,0,0,0,0,0,0,0,0,0,0,50480050004033,0,0,0,0,0,0,0
杨凯,青岛,,,,,252,0,0,0,0,0,0,0,0,0,0,0,0,56537656004076,0,0,0,0,0,0,0
韩德君,辽宁,126.30772871589164,120.83697552560133,5.47075319029031,19.758474631405324,1595,803,24,71,206,45,91,11,46,23,17,111,420,58556858004219,153,246,0,1,114,150,27
巴斯,辽宁,122.06363382603556,118.8572683898254,3.206365436210149,26.424867507488845,870,901,3,61,176,51,52,32,57,20,74,136,617,58556858004219,233,396,1,3,148,188,29
贺天举,辽宁,121.12958028891963,122.24085543073674,-1.1112751418171172,16.007944787847112,174,380,12,10,45,13,40,5,9,2,1,22,154,58556858004219,19,37,30,78,26,31,26
史蒂芬森,辽宁,113.67793483402635,120.27467700466738,-6.596742170641036,31.356724380642103,29,972,26,30,179,110,92,30,78,5,14,173,744,58556858004219,227,375,43,146,161,206,28
刘志轩,辽宁,112.28250248934334,120.09874677543824,-7.8162442860949,7.749897129584282,319,435,1,11,28,45,26,15,12,1,0,9,79,58556858004219,4,10,21,49,8,12,20
李晓旭,辽宁,109.5712156607735,119.24799381075087,-9.676778149977366,12.80196476452977,638,695,18,85,87,19,67,21,15,17,7,27,171,58556858004219,57,122,16,52,9,28,29
郭艾伦,辽宁,108.97781354284355,118.84262989895448,-9.864816356110936,24.639103343335172,377,706,21,11,61,105,72,32,49,1,3,97,406,58556858004219,112,191,32,103,86,115,21
赵继伟,辽宁,102.22113030528124,115.4094484324456,-13.188318127164365,17.208059401922114,87,914,27,18,73,135,89,68,58,4,0,59,342,58556858004219,54,111,66,164,36,52,28
郭旭,辽宁,97.73170952784096,122.80628268987385,-25.07457316203289,13.912550683351826,435,223,1,4,14,8,18,2,10,1,0,7,64,58556858004219,9,16,14,42,4,5,23
高诗岩,辽宁,90.59807672601809,116.37372490643672,-25.775648180418628,14.855467798362726,0,719,10,19,46,70,93,47,37,3,0,34,194,58556858004219,38,86,34,109,16,22,29
鄢手骐,辽宁,66.27598110102814,113.62827058716364,-47.352289486135504,15.588831071307089,1044,11,0,0,0,2,2,1,1,0,0,1,2,58556858004219,0,1,0,1,2,2,2
王化东,辽宁,49.22248727711403,116.01852990708785,-66.79604262997383,10.500765177311393,928,50,2,4,3,1,8,3,1,1,0,2,2,58556858004219,0,2,0,8,2,2,9
马壮,辽宁,42.256879988656806,123.56268713985554,-81.30580715119874,57.15904726145932,232,6,0,0,1,0,2,0,3,0,0,2,3,58556858004219,0,0,0,3,3,4,3
丛明晨,辽宁,,124.06564873046122,,7.365856605858159,290,12,0,1,2,0,1,0,0,0,0,0,6,58556858004219,0,0,2,2,0,0,1
刘雁宇,辽宁,,,,,493,0,0,0,0,0,0,0,0,0,0,0,0,58556858004219,0,0,0,0,0,0,0
卢梓杰,辽宁,,,,,812,0,0,0,0,0,0,0,0,0,0,0,0,58556858004219,0,0,0,0,0,0,0
孙锴祺,辽宁,,,,,522,0,0,0,0,0,0,0,0,0,0,0,0,58556858004219,0,0,0,0,0,0,0
泰-劳森,福建,121.4243802484695,123.46466280870851,-2.0402825602390067,29.43323050365641,18,638,6,19,72,133,49,35,47,3,0,157,497,36345636001634,124,228,34,79,147,179,18
普-杰特,福建,125.27533001371994,128.8978306245244,-3.6225006108044653,24.625670987136825,22,426,11,5,58,100,28,18,28,0,0,73,276,22211222002607,39,73,47,101,57,63,11
刘洺宇,福建,122.79749819441841,126.76250774965375,-3.9650095552353406,13.254613005580744,174,276,0,5,16,20,46,10,6,1,0,17,97,58556858004241,16,31,19,40,8,13,14
康宁汉姆,福建,118.0852363021912,123.4616200783654,-5.376383776174194,21.54417301490755,462,407,0,32,78,22,45,15,20,21,6,26,208,28268828003103,76,136,12,27,20,23,14
埃里克-格林,福建,121.54987388059205,127.71451730442912,-6.164643423837077,24.07675796246168,88,132,4,5,18,14,5,5,4,0,0,9,85,8076808000078,21,35,11,29,10,12,4
孙喆,福建,120.29181594904435,127.68712952732079,-7.395313578276443,12.03247586611139,493,212,1,19,34,7,47,4,13,5,2,18,63,58556858004241,24,35,0,0,15,22,27
王哲林,福建,118.17189485248916,126.84746071420818,-8.675565861719022,28.558102145067473,899,988,27,87,202,57,75,26,61,31,46,176,698,58556858004241,256,417,14,61,144,225,27
陈林坚,福建,116.49416596791188,127.87919883526286,-11.385032867350972,20.010878309155476,435,1064,28,26,79,48,68,31,52,2,2,59,537,58556858004241,98,183,93,213,62,76,28
李江淮,福建,113.2698218540241,125.52278457214999,-12.252962718125886,10.94425492910055,145,241,4,11,14,23,28,12,9,0,0,8,61,58556858004241,13,23,10,25,5,6,16
阿玛尔-斯塔德迈尔,福建,108.60881810674627,127.42795852926714,-18.819140422520874,29.957024595000984,352,307,8,26,65,10,36,8,28,13,11,66,213,22211222001060,79,152,2,6,49,62,11
黄毅超,福建,107.38972765484806,127.27700690307744,-19.887279248229376,15.279071879081657,406,452,14,22,26,22,45,14,19,4,0,11,151,58556858004241,26,58,29,73,12,14,21
何重达,福建,100.43541103332723,126.48277110846496,-26.047360075137732,13.105407087836216,319,333,14,15,35,20,55,9,14,11,0,27,88,58556858004241,14,34,17,41,9,22,16
胡珑贸,福建,96.82440503586245,123.47544130701858,-26.65103627115613,12.209156365366432,290,397,2,8,42,17,66,25,22,4,0,32,100,58556858004241,16,31,19,50,11,15,24
孙椿棚,福建,92.89724818394741,126.27679336632227,-33.379545182374855,8.121276423060683,377,286,6,23,32,12,39,11,13,3,0,23,35,58556858004241,15,36,0,0,5,8,23
谢亚财,福建,77.18291281422944,126.68230939663428,-49.49939658240484,10.957438803622008,551,103,9,3,12,14,15,4,9,0,0,11,16,58556858004241,5,11,0,2,6,8,12
卡米然斯地克江,福建,78.75604841719367,128.7587680864052,-50.002719669211544,13.644542244285697,87,387,8,11,18,20,31,8,27,1,0,17,83,58556858004241,12,33,18,55,5,10,18
汤杰,福建,70.60658203083446,128.45999435907035,-57.85341232823589,16.628514497910384,203,80,2,0,5,7,4,2,8,0,0,8,20,58556858004241,7,16,1,3,3,7,7
徐铭智,福建,18.67573107331934,125.70357691660627,-107.02784584328693,18.70076098549192,0,21,0,0,1,2,3,1,4,0,0,2,1,58556858004241,0,2,0,2,1,2,5
刁成灏,福建,,128.03155594608756,,19.12422598954616,696,37,1,2,0,3,5,1,0,0,0,0,6,58556858004241,0,2,2,14,0,0,4
曹飞,福建,,130.9966529223869,,11.733102934912889,841,49,0,0,7,4,8,0,6,0,0,1,4,58556858004241,2,6,0,1,0,0,7
王润锋,福建,,,,,464,0,0,0,0,0,0,0,0,0,0,0,0,58556858004241,0,0,0,0,0,0,0
穆罕默德,深圳,130.0588769698932,124.46476627293904,5.5941106969541465,29.52639103031824,180,299,1,21,72,15,24,8,13,5,16,72,235,24230424000734,65,108,13,31,66,87,10
赵义明,深圳,118.90938482005271,117.6653920761128,1.2439927439399128,18.841207981040714,145,37,0,8,7,2,8,2,1,1,2,7,14,58556858004251,5,11,0,1,4,5,8
沈梓捷,深圳,109.9952593708036,118.94109493200494,-8.94583556120135,19.993677809322644,319,788,12,58,124,40,79,29,51,39,58,115,353,58556858004251,136,232,0,2,81,133,28
李慕豪,深圳,109.15414266440644,120.5136804818005,-11.35953781739407,19.708027314815585,261,657,20,46,103,19,77,16,43,30,37,72,290,58556858004251,107,180,8,25,52,78,25
贺希宁,深圳,109.77561689009701,121.17368934967052,-11.398072459573513,16.74333036254816,0,797,24,21,57,34,47,30,25,2,1,49,303,58556858004251,79,138,33,102,46,59,29
德怀特-拜克斯,深圳,105.2191421619985,116.7193465094018,-11.500204347403297,25.75379933767242,216,931,24,30,107,162,64,63,80,5,1,119,526,54518454004226,157,298,38,93,98,120,25
杨林祎,深圳,100.24124819057727,115.86745513274623,-15.626206942168963,21.77017823369323,174,383,2,12,29,25,37,32,27,0,0,32,172,58556858004251,18,50,34,85,34,45,24
皮埃尔-杰克逊,深圳,111.41792360882872,130.2052394246788,-18.787315815850093,27.789855072463766,110,72,2,1,6,12,4,4,6,0,0,16,46,4038404000025,3,10,8,19,16,17,2
顾全,深圳,100.0510319471658,122.8601766579293,-22.809144710763505,17.965605028422267,348,855,16,21,86,56,82,19,56,2,0,84,320,58556858004251,49,108,52,130,66,93,27
白昊天,深圳,98.2803660389066,122.46547507821947,-24.185109039312863,13.812997058546259,290,102,1,0,12,13,22,2,2,1,0,11,28,58556858004251,10,19,0,4,8,13,10
贾雷尔-马丁,深圳,91.5485699743565,117.08349003174854,-25.534920057392043,24.791556656429123,14,404,2,19,79,24,40,19,24,10,11,39,184,28268828002683,55,118,16,64,26,31,14
卢艺文,深圳,94.54591337169427,121.03731101655032,-26.49139764485605,14.966668013413601,667,695,25,13,55,30,66,23,25,10,3,37,201,58556858004251,42,86,30,96,27,45,28
容子峰,深圳,87.75125653331031,117.9223246106964,-30.171068077386096,15.291968115423971,725,295,6,6,17,27,45,19,23,0,0,22,81,58556858004251,18,31,10,36,15,19,23
阿列里克·弗里曼,深圳,89.75948465795608,120.37096396801398,-30.611479310057902,30.999833287569135,168,104,0,3,17,13,13,2,15,0,0,13,62,6057606000834,13,32,11,22,3,6,3
孟铎,深圳,76.95760371269516,123.25104006142429,-46.29343634872913,14.48652951210145,87,116,0,3,5,9,23,2,9,0,0,6,25,58556858004251,4,13,4,12,5,6,16
何忠勉,深圳,71.39049304872583,118.26245796409732,-46.87196491537149,13.138180881286493,580,229,10,2,30,8,53,12,15,4,0,17,43,58556858004251,8,22,5,22,12,15,24
韩驭丰,深圳,55.94267055028187,123.35691610452766,-67.41424555424578,15.066636751692245,406,47,0,4,3,3,0,1,2,0,0,3,5,58556858004251,1,7,1,6,0,1,8
于德豪,深圳,,,,,551,0,0,0,0,0,0,0,0,0,0,0,0,58556858004251,0,0,0,0,0,0,0
卢鹏羽,深圳,,,,,58,0,0,0,0,0,0,0,0,0,0,0,0,58556858004251,0,0,0,0,0,0,0
李想,深圳,,,,,464,0,0,0,0,0,0,0,0,0,0,0,0,58556858004251,0,0,0,0,0,0,0
陈柏石,深圳,,,,,986,0,0,0,0,0,0,0,0,0,0,0,0,58556858004251,0,0,0,0,0,0,0
赖俊豪,浙江,129.32375465363756,119.55349222432359,9.770262429313973,11.233764516643282,408,441,0,35,54,16,87,20,13,20,12,32,126,48460848004066,37,61,8,22,28,34,23
付磊,浙江,132.05896173788076,125.16516386713609,6.893797870744677,12.491426870134115,87,116,0,4,5,5,12,2,3,0,1,4,42,58556858004220,11,15,5,10,5,10,12
朱旭航,浙江,119.9486704864704,120.58724749791094,-0.6385770114405318,18.02302412660337,609,894,29,53,100,28,121,45,34,13,6,102,394,58556858004220,57,107,72,181,64,87,29
张大宇,浙江,119.45460349825845,120.82614697830078,-1.3715434800423338,13.35076767751684,696,868,28,59,115,43,99,32,37,35,9,63,283,58556858004220,111,183,8,18,37,48,29
邓蒙,浙江,119.76550988511762,121.31880420430429,-1.5532943191866622,31.184393684206338,348,1062,18,30,116,189,58,54,74,4,0,198,833,58556858004220,140,286,124,289,181,208,29
兰兹博格,浙江,121.49350690239922,123.24169500635152,-1.7481881039523017,32.301914345454875,29,949,11,53,176,79,53,30,52,8,16,203,764,58556858004220,173,334,69,189,211,251,29
刘泽一,浙江,116.05150240275609,122.4031765452586,-6.351674142502517,15.169573426065279,290,273,1,23,29,4,47,10,14,2,2,13,98,58556858004220,44,72,0,0,10,15,22
陆文博,浙江,104.19175340588444,115.70179345690742,-11.510040051022983,9.794203957064415,232,40,0,3,2,1,6,4,0,0,0,5,7,58556858004220,3,4,0,3,1,4,8
吴前,浙江,108.6491207981476,120.42014859536624,-11.771027797218636,21.68255168982935,957,945,29,25,84,115,85,55,56,3,0,99,459,58556858004220,61,142,81,210,94,114,29
程帅澎,浙江,106.52558271939353,120.76861025108164,-14.243027531688114,10.963375075226702,174,770,26,18,34,54,113,42,21,1,0,62,180,58556858004220,34,70,24,74,40,54,28
王奕博,浙江,101.01644719908671,118.6507017734002,-17.634254574313488,9.334138949089827,435,202,3,5,9,23,27,15,8,0,0,16,37,58556858004220,8,18,3,10,12,14,23
张正昕,浙江,90.2765770771808,125.98891342050828,-35.71233634332748,12.493299928594176,812,247,0,24,28,3,65,1,15,1,0,15,47,58556858004220,17,43,0,0,13,25,27
王仔路,浙江,61.85574775455862,118.43672318744626,-56.58097543288764,17.186176545664235,667,28,0,1,1,2,9,2,5,0,0,2,6,58556858004220,2,4,0,0,2,4,10
林孝天,浙江,,126.45668361250682,,19.876618888004906,145,9,0,3,0,2,3,0,2,0,0,0,0,58556858004220,0,0,0,2,0,0,3
鞠鹏,浙江,,110.28160435110418,,12.77782642800315,203,14,0,0,3,0,5,2,1,0,0,0,2,58556858004220,1,1,0,2,0,0,2
刘育辰,浙江,,,,,870,0,0,0,0,0,0,0,0,0,0,0,0,58556858004220,0,0,0,0,0,0,0
孙岩松,浙江,,,,,261,0,0,0,0,0,0,0,0,0,0,0,0,58556858004220,0,0,0,0,0,0,0
李耀强,浙江,,,,,319,0,0,0,0,0,0,0,0,0,0,0,0,58556858004220,0,0,0,0,0,0,0
白杰,浙江,,,,,464,0,0,0,0,0,0,0,0,0,0,0,0,58556858004220,0,0,0,0,0,0,0
蒋浩然,江苏,156.76006471108025,127.3265956320914,29.43346907898885,15.037410823038106,522,14,0,3,1,0,2,0,0,0,0,5,6,58556858004196,1,2,0,0,4,6,3
拉杜利察,江苏,117.76241751082873,121.76935418394942,-4.006936673120691,32.04850327899267,377,906,15,75,202,75,108,36,80,25,30,225,723,58556858004196,225,383,29,74,186,234,29
布莱克尼,江苏,105.34073067038754,111.86975114386206,-6.529020473474517,43.25233365529777,14,147,0,2,24,13,8,6,17,4,5,25,145,14134414000238,39,73,13,28,28,39,4
吴冠希,江苏,113.56410913866586,122.5332337537377,-8.969124615071848,19.000041120811527,319,859,21,64,158,37,107,19,47,48,45,100,385,58556858004196,155,261,0,2,75,113,29
吉布森,江苏,116.43774266032506,126.14020595247922,-9.702463292154164,36.59185488541408,418,612,13,16,79,75,62,22,47,2,0,140,562,38364838003139,89,188,77,189,153,176,18
侯逸凡,江苏,97.3407343208009,121.70123964679519,-24.360505325994282,12.094517658335853,899,399,11,5,44,15,52,19,17,3,6,20,101,58556858004196,22,36,14,45,15,19,22
詹金斯,江苏,101.38711034944197,127.68624053314552,-26.299130183703554,32.93630489252274,69,90,0,1,12,4,5,3,6,1,0,14,63,6057606000819,12,31,8,20,15,16,3
易立,江苏,92.96124588104996,121.82222188959491,-28.860976008544952,13.990180725152422,232,714,16,6,67,83,55,34,44,6,2,61,197,58556858004196,47,86,19,62,46,64,25
史鸿飞,江苏,92.8223554938865,124.4390941157265,-31.61673862184,13.246150723008212,116,780,19,7,35,113,62,21,59,1,0,43,208,58556858004196,12,30,51,122,31,38,28
王洪,江苏,86.76813060567076,118.84507514650643,-32.07694454083567,14.543655660083225,261,586,10,17,43,61,66,44,35,2,0,45,148,58556858004196,35,82,18,55,24,36,29
刘宇轩,江苏,91.31421417298667,124.35340738982173,-33.03919321683506,15.146722849524307,609,185,5,13,28,8,27,3,15,5,0,3,51,58556858004196,19,35,3,10,4,4,20
柳伟,江苏,88.72206778525508,123.64716859983359,-34.925100814578514,12.075798744495456,435,624,16,20,78,25,120,17,33,7,0,41,135,58556858004196,36,76,13,43,24,32,26
黄荣奇,江苏,88.52942047555315,124.3295567272939,-35.80013625174075,18.687039387117824,29,573,13,15,47,53,79,15,45,1,3,40,197,58556858004196,48,104,22,65,35,50,27
孙鑫,江苏,79.64267659752934,122.89596539211081,-43.253288794581465,16.252172603977062,290,178,5,5,12,8,45,5,11,4,0,7,47,58556858004196,16,33,4,18,3,4,20
赵旭昕,江苏,74.48674318543691,126.98686833090717,-52.500125145470264,6.326083173829824,2233,35,0,1,2,2,9,0,2,0,1,3,3,58556858004196,1,2,0,0,1,2,6
赵率舟,江苏,71.65778448563779,124.19617232449664,-52.53838783885885,12.297896987300152,696,143,1,2,11,4,20,4,6,0,0,6,25,58556858004196,2,6,6,25,3,4,14
刘剑阁,江苏,,127.0906738951579,,15.123832724319932,203,9,0,0,1,3,2,0,0,0,0,1,0,58556858004196,0,2,0,1,0,0,2
吴俣成,江苏,,,,,783,0,0,0,0,0,0,0,0,0,0,0,0,58556858004196,0,0,0,0,0,0,0
张稀然,江苏,,,,,174,0,0,0,0,0,0,0,0,0,0,0,0,58556858004196,0,0,0,0,0,0,0
周琦,新疆,120.83719751090878,114.04618489370604,6.791012617202739,24.248060026935168,252,798,24,81,203,42,80,28,47,61,51,121,502,56537656004099,157,243,33,103,89,138,24
鲁吐布拉,新疆,124.10441435952832,117.57000069458213,6.534413664946186,19.16749644821222,650,54,0,4,13,0,8,2,3,1,3,7,29,50480050004057,11,16,0,0,7,12,10
斯托克斯,新疆,122.61911916949389,116.29094208373083,6.328177085763059,28.138924189354697,42,578,2,58,158,43,69,21,42,21,15,91,435,42403242002873,163,264,11,33,76,98,19
可兰白克,新疆,125.21060716670182,120.52775243412164,4.682854732580182,13.787770326601853,364,740,14,14,58,34,82,9,22,7,0,23,287,56537656004099,25,51,73,157,18,21,28
范子铭,新疆,122.63817812479965,118.54867863327317,4.089499491526482,18.127640774736925,476,423,14,44,68,33,64,8,27,12,3,56,203,56537656004099,78,121,0,1,47,70,28
埃里克-米卡,新疆,118.11619506171402,116.16117878908088,1.955016272633145,26.505636070853463,84,216,3,40,42,11,22,10,13,4,15,37,139,14134414001226,55,98,0,0,29,51,7
阿不都沙拉木,新疆,118.46530098521764,119.01167242179235,-0.5463714365747165,19.52580509699226,644,677,20,29,71,51,44,20,27,3,1,59,336,56537656004099,90,151,31,95,63,84,20
俞长栋,新疆,116.48426923492204,118.66996035519668,-2.1856911202746403,14.41281079377675,196,557,13,48,72,25,106,13,25,9,2,46,195,56537656004099,64,102,13,41,28,46,28
唐才育,新疆,114.85541190938955,118.45638594827182,-3.6009740388822706,16.19435877404197,224,440,5,17,21,15,57,15,14,1,0,28,173,56537656004099,34,55,27,84,24,32,27
曾令旭,新疆,106.22411897922102,115.22386796483171,-8.999748985610694,17.33429749165661,168,508,5,15,38,124,47,31,39,4,0,71,201,56537656004099,51,85,17,53,48,67,27
西热力江,新疆,106.57389589211763,116.75912848092484,-10.18523258880721,15.390175160675287,560,781,17,14,58,116,74,38,35,4,0,31,269,56537656004099,14,31,69,200,34,36,28
凯-费尔德,新疆,103.38116525894812,114.69669714196712,-11.315531883019005,26.330761404747193,25,723,21,20,102,184,70,41,71,6,2,105,416,50480050003270,102,223,38,106,98,113,22
克拉克,新疆,111.53873134231118,128.64292428212906,-17.104192939817878,34.50066307323751,63,48,2,2,9,17,4,1,3,0,0,5,38,6057606000829,11,19,3,10,7,10,2
齐麟,新疆,97.40033418805318,122.31848990246195,-24.91815571440877,22.256581478868725,308,64,0,4,2,4,10,0,5,0,0,6,28,56537656004099,10,20,0,4,8,10,8
刘力鹏,新疆,67.79823811649591,105.61297206967758,-37.81473395318167,37.18848201115885,980,20,0,0,1,3,3,3,4,0,0,1,11,56537656004099,4,8,1,5,0,1,6
西尔扎提-赛买提,新疆,60.88913882351543,111.86676671880501,-50.97762789528958,27.99216431615585,0,22,0,0,3,2,6,2,3,0,0,1,8,56537656004099,4,8,0,3,0,1,5
热甫卡提江,新疆,,124.01845956562678,,42.919385008440166,496,1,0,0,0,0,0,0,0,0,0,0,0,32307232003366,0,1,0,0,0,0,1
刘羽楠,新疆,,,,,504,0,0,0,0,0,0,0,0,0,0,0,0,56537656004099,0,0,0,0,0,0,0
热甫卡提江-吐送江,新疆,,,,,279,0,0,0,0,0,0,0,0,0,0,0,0,18172818000691,0,0,0,0,0,0,0
郭凯,广州,119.36598427453966,119.46675716814774,-0.10077289360808095,16.047567273715682,406,70,2,6,8,5,10,7,4,5,1,8,26,58556858004194,10,17,0,0,6,7,3
郑准,广州,132.47181052477907,132.8688408720344,-0.39703034725533826,16.31948261161114,1450,409,9,13,53,16,39,2,12,11,4,10,189,58556858004194,29,41,42,87,5,7,22
李炎哲,广州,122.98759060392265,130.74478385302095,-7.757193249098293,16.08255470236477,377,160,0,22,19,1,38,2,10,7,5,20,61,58556858004194,27,39,0,0,7,14,15
尼克尔森,广州,123.21605131490449,131.1035420425216,-7.88749072761712,29.945647445796858,1144,850,22,54,204,26,61,22,49,18,16,130,645,52499252003965,160,287,74,151,103,131,25
亨特,广州,115.59421904272244,126.14492498247651,-10.550705939754067,30.796955128258748,51,566,16,32,71,56,53,37,34,5,4,119,398,34326434002944,119,204,21,73,97,131,17
贾明儒,广州,116.99437978068417,132.1477281121407,-15.153348331456527,16.1752932164489,319,187,0,1,10,16,20,4,8,0,0,11,76,58556858004194,18,29,11,23,7,11,14
凯弗-赛克斯,广州,111.40331700249928,129.6670967563069,-18.263779753807626,34.18912639405204,420,538,12,19,61,91,31,22,37,2,8,105,423,30288030001479,125,230,32,97,77,85,15
司坤,广州,104.33386537874519,128.72914659126815,-24.39528121252296,17.272185881841942,174,199,4,16,11,6,23,10,16,0,0,17,68,58556858004194,10,25,10,23,18,22,13
刘丰搏,广州,104.17919953254835,130.41409540305955,-26.234895870511195,14.120206103569872,870,596,16,12,39,17,62,20,13,4,1,17,176,58556858004194,28,50,37,113,9,10,28
陈盈骏,广州,103.80818066522228,131.34201432237163,-27.533833657149344,19.381005061723478,261,942,27,17,67,118,86,27,46,0,0,93,380,58556858004194,93,195,38,109,80,94,27
张永鹏,广州,103.33670998223221,132.1577195481152,-28.821009565883003,9.983760661715836,957,548,15,17,96,32,93,6,18,12,4,38,110,58556858004194,43,82,0,1,24,37,26
衡艺丰,广州,99.36536961194365,131.43136159824957,-32.06599198630592,13.327753235744135,232,337,1,2,13,11,31,9,6,1,0,10,90,58556858004194,15,35,17,50,9,12,21
孙鸣阳,广州,98.98422906350378,131.08090099531657,-32.09667193181279,16.549053751019297,783,640,10,34,94,31,104,13,33,14,3,36,200,58556858004194,32,86,35,90,31,41,28
谷玥灼,广州,93.39938918965731,130.96162190865007,-37.56223271899276,13.689008520842116,348,247,0,7,21,3,18,8,12,0,0,15,62,58556858004194,14,22,7,31,13,17,21
姚天一,广州,92.17641003351828,130.14929638289183,-37.97288634937355,14.300677219179585,29,470,10,11,31,52,52,18,17,0,0,10,119,58556858004194,24,54,22,70,5,7,25
田宇恒,广州,70.63425720646002,130.81714580117062,-60.182888594710604,17.058021816839076,290,106,1,4,8,11,14,3,10,1,0,6,23,58556858004194,6,18,3,9,2,4,10
张展玮,广州,,,,,667,0,0,0,0,0,0,0,0,0,0,0,0,58556858004194,0,0,0,0,0,0,0
胡金秋,广厦,132.32048182952835,115.6020222688701,16.718459560658246,18.76354199058616,609,947,29,100,157,22,65,26,27,34,17,83,489,58556858004188,194,314,9,21,74,95,29
朱俊龙,广厦,117.49863918007404,116.05883034209984,1.4398088379741978,14.555189658522618,667,353,1,18,22,15,37,11,12,6,2,25,127,58556858004188,26,44,19,48,18,29,25
杰伦-雷诺兹,广厦,100.54190378660029,100.9354946903289,-0.39359090372860805,27.9990721460399,40,126,0,16,34,11,16,11,10,1,10,10,69,10096010000121,29,64,0,0,11,11,5
苏若禹,广厦,113.37351709165513,113.8189228860429,-0.4454057943877672,14.476736573269141,145,668,24,50,99,16,93,34,29,10,3,60,224,58556858004188,92,167,0,0,40,54,29
德兹明-威尔斯,广厦,108.41489370258186,110.50376585191971,-2.0888721493378455,33.023285757511374,440,385,10,5,72,46,28,33,38,8,8,76,311,20192020002402,94,186,19,46,66,80,10
刘铮,广厦,108.12539603479054,110.9305746225613,-2.8051785877707545,17.209806089163813,319,871,28,38,89,91,81,68,35,13,3,93,332,58556858004188,97,204,24,66,66,81,28
赵岩昊,广厦,108.80185773724233,111.7559624246555,-2.954104687413164,19.13206828365655,725,597,17,16,36,40,58,44,27,5,1,65,261,58556858004188,35,78,50,133,41,49,22
孙铭徽,广厦,102.03437556994899,110.65865581844292,-8.624280248493932,23.161808164902546,493,756,10,22,63,120,63,65,72,3,4,94,388,58556858004188,114,188,32,97,64,93,24
法里德,广厦,101.04290565925913,111.09623553040714,-10.053329871148009,29.33630796522292,33,206,2,23,47,9,23,9,14,17,9,28,121,22211222001145,46,91,5,15,14,29,7
韦伯斯特,广厦,101.54598431996804,113.20962483185889,-11.663640511890847,27.651170725740513,0,180,0,5,15,25,13,9,9,0,0,8,111,12115212001567,24,55,20,56,3,4,6
艾伦-杰克逊,广厦,100.99629108837678,115.45899721218498,-14.462706123808204,21.80114825927139,114,536,14,11,40,151,30,23,41,1,0,72,240,38364838001786,73,141,11,44,61,72,15
李金效,广厦,96.55751960965445,117.25212861281975,-20.694609003165297,13.910356140049279,377,216,0,11,29,2,64,2,12,6,0,8,59,58556858004188,23,49,1,2,10,12,24
李京龙,广厦,95.04879835164508,118.15408385081497,-23.105285499169895,15.75197997523183,261,471,7,5,39,16,40,10,16,0,0,22,148,58556858004188,13,33,38,113,8,15,22
赵嘉仁,广厦,82.98967849282819,113.95558967788831,-30.965911185060122,22.80054451467431,928,43,0,5,6,2,5,2,3,1,1,8,14,58556858004188,2,9,1,5,7,12,6
赵嘉义,广厦,79.93639274406131,114.93860897622729,-35.00221623216598,20.098864195161735,1015,43,0,3,6,2,8,2,4,0,0,4,13,58556858004188,3,5,1,8,4,6,7
赵天熠,广厦,78.02140069273645,113.9377556728057,-35.916354980069244,14.106046031879297,435,215,0,9,24,6,44,8,10,8,2,11,46,58556858004188,20,48,0,3,6,18,18
普拉姆利,广厦,85.86152076853783,124.38964736232634,-38.528126593788514,25.657935321612452,168,180,3,13,42,9,19,1,14,11,10,21,79,14134414001355,35,82,0,0,9,20,7
吴羽佳,广厦,71.6707645920999,113.69896946620861,-42.02820487410871,20.268804600934565,290,33,0,3,3,3,3,2,2,0,0,4,8,58556858004188,3,7,0,4,2,5,7
原晨云,广厦,,,,,522,0,0,0,0,0,0,0,0,0,0,0,0,58556858004188,0,0,0,0,0,0,0
杜金伦,广厦,,,,,58,0,0,0,0,0,0,0,0,0,0,0,0,58556858004188,0,0,0,0,0,0,0
胡明轩,广东,140.24327240996973,114.68521071690228,25.558061693067458,14.496444913611892,87,656,28,24,42,55,86,31,22,5,0,54,300,58556858004245,59,87,41,85,59,67,29
易建联,广东,130.28623734150005,113.26165221419662,17.02458512730344,23.762077962622666,261,909,29,80,238,39,55,36,34,50,65,162,591,58556858004245,168,296,34,94,153,190,29
王薪凯,广东,130.98938393282276,118.2341509453838,12.755232987438959,14.731396820158325,145,281,2,5,24,10,41,5,11,0,0,12,124,58556858004245,7,14,33,67,11,12,25
杜润旺,广东,128.02444554276966,118.3165262464258,9.70791929634386,13.818324156414254,522,490,1,25,46,12,88,5,20,6,0,15,192,58556858004245,26,34,41,95,17,23,28
布鲁克斯,广东,121.78628903927672,113.19501764605124,8.591271393225483,31.647637360556597,174,885,21,37,140,144,44,53,78,13,15,100,770,58556858004245,194,307,100,227,82,105,27
任骏飞,广东,120.83128317379436,114.77077322687867,6.060509946915687,15.270440550104286,580,842,28,55,84,52,75,36,38,15,8,72,329,58556858004245,107,169,16,56,67,89,28
曾繁日,广东,118.51939376972453,113.70704223712472,4.812351532599806,10.982172408887566,638,261,0,27,44,8,64,10,14,10,5,26,69,58556858004245,29,45,0,0,11,19,27
赵睿,广东,112.56910025507713,112.73591029814061,-0.16681004306347802,18.633584689763975,290,836,28,36,91,117,82,55,42,7,2,87,368,58556858004245,77,152,50,136,64,82,28
威姆斯,广东,107.25793456445612,114.23791248294087,-6.9799779184847495,29.30574454706782,377,865,8,25,146,185,71,44,92,10,18,115,597,58556858004245,211,376,28,78,91,113,28
徐杰,广东,103.17316637436944,114.22138053088152,-11.048214156512074,9.737719711940208,58,448,0,15,16,37,49,25,7,0,0,20,85,58556858004245,9,28,20,64,7,8,27
刘权标,广东,100.40499356291441,111.97886686477807,-11.573873301863657,18.376443875402025,0,108,0,5,4,6,21,8,4,0,0,6,40,58556858004245,9,19,6,21,4,6,13
李英博,广东,96.71003712496281,114.7140952813749,-18.004058156412086,12.765797203323878,493,48,0,6,8,0,23,1,3,2,0,8,11,58556858004245,4,6,0,1,3,10,8
苏伟,广东,96.3601109858848,119.68067213797275,-23.320561152087947,17.98312301685624,348,46,0,10,11,0,14,0,8,0,0,2,15,58556858004245,7,11,0,0,1,1,7
万圣伟,广东,80.01666317570047,113.30214429782896,-33.28548112212849,10.478591871061683,1479,96,0,8,14,2,35,5,11,1,0,6,16,58556858004245,7,10,0,0,2,6,15
方渭博,广东,,120.61085617870752,,42.55265734441293,29,2,0,0,0,0,0,0,2,0,0,0,0,58556858004245,0,0,0,0,0,0,1
刘旭乘,广东,,102.01663328242489,,7.0921095574021535,406,6,0,1,2,0,1,1,0,0,0,1,0,58556858004245,0,0,0,1,0,0,1
张皓嘉,广东,,116.86954108426819,,0.0,650,1,0,0,0,0,1,0,0,0,0,0,0,52499252004198,0,0,0,0,0,0,1
周鹏,广东,,,,,319,0,0,0,0,0,0,0,0,0,0,0,0,58556858004245,0,0,0,0,0,0,0
原帅,山西,129.30614764317752,121.28639929091278,8.019748352264742,15.546160993798173,203,1076,29,10,43,37,49,15,29,1,0,33,460,58556858004237,56,89,103,229,39,44,29
富兰克林,山西,117.56859609685222,113.3209603085418,4.2476357883104185,32.881044902564184,297,1011,26,45,199,260,77,59,101,38,11,285,790,54518454003795,158,277,77,222,243,290,26
M.I.托马斯,山西,112.83592069766077,115.42576447469271,-2.5898437770319447,23.55622069707351,12,89,0,9,30,10,9,2,6,3,7,21,47,6057606000058,15,24,2,8,11,18,3
埃里克-莫兰德,山西,109.60608143777112,112.33917282872821,-2.7330913909570853,23.85963797532306,78,673,2,96,267,48,75,39,59,47,33,103,347,52499252004179,152,246,0,4,43,97,24
任骏威,山西,117.15772565837493,120.03137646923501,-2.8736508108600844,17.924603713146432,290,905,28,36,99,56,55,19,40,7,2,80,386,58556858004237,88,175,47,102,69,87,28
刘冠岑,山西,108.85486108174018,117.72298900965971,-8.86812792791953,11.193283012846226,493,839,28,37,48,39,70,33,26,8,10,54,202,58556858004237,61,104,19,55,23,47,28
闫鹏飞,山西,109.0638368470626,118.31601795439205,-9.252181107329449,22.964428618192994,261,413,0,33,54,10,65,8,23,15,17,39,208,58556858004237,87,151,4,17,22,38,28
邢志强,山西,108.08407418055066,120.02797124979134,-11.943897069240677,22.920415734938658,348,402,1,21,43,16,48,5,21,9,2,19,201,58556858004237,23,65,48,107,11,20,23
葛昭宝,山西,101.22991420558019,117.65174707076467,-16.421832865184484,19.638026619087935,1015,396,27,34,46,21,63,14,17,6,0,30,144,58556858004237,55,123,4,18,22,28,28
卡梅伦-佩恩,山西,96.07080856721946,114.72631225470742,-18.655503687487965,32.88836731700162,44,68,2,2,10,15,8,9,7,1,0,13,45,4038404000442,13,24,4,14,7,10,2
田桂森,山西,90.59559437394607,117.53093531886881,-26.935340944922743,16.028320472319596,0,393,1,7,37,35,32,16,25,4,2,17,115,58556858004237,33,66,14,43,7,9,29
滕贺麒,山西,89.4143432711829,116.85199480454162,-27.437651533358718,8.56986253948564,232,52,0,1,5,3,12,2,1,1,0,6,7,58556858004237,2,4,0,3,3,4,5
郭晓鹏,山西,89.38508890745344,120.45083546313303,-31.065746555679596,14.063003937746107,29,310,1,11,14,11,42,6,11,0,0,16,73,58556858004237,16,41,11,36,8,17,24
张泽龙,山西,69.2377006689226,121.49486346173963,-52.25716279281703,15.341458841177573,696,80,0,4,8,3,4,1,4,0,1,1,14,58556858004237,6,13,0,9,2,2,10
刘春庆,山西,64.0039715461287,122.75485309878984,-58.75088155266114,14.46480405025314,174,75,0,2,6,11,9,0,8,0,0,6,12,58556858004237,5,11,0,3,2,4,7
张涵钧,山西,50.75003721716639,119.53683624771833,-68.78679903055195,13.799195783069774,725,36,0,0,2,5,4,1,3,0,0,3,4,58556858004237,1,3,0,4,2,2,6
卫猛,山西,,,,,551,0,0,0,0,0,0,0,0,0,0,0,0,58556858004237,0,0,0,0,0,0,0
詹姆斯-梅斯,山东,120.30348159303423,113.37086725983157,6.932614333202665,24.082340638680005,1120,773,2,100,176,43,77,46,51,31,19,135,437,56537656003898,158,269,5,21,106,152,28
陶汉林,山东,119.60771697011677,117.9158837249733,1.6918332451434708,19.284553961958185,580,854,24,63,131,36,105,22,37,34,63,99,397,58556858004179,159,270,0,1,79,124,29
哈德森,山东,115.05961719081064,116.65748678065845,-1.5978695898478037,32.93408284377744,0,1049,27,35,182,222,87,53,113,13,1,165,826,58556858004179,132,225,143,357,133,149,28
侯沛佐,山东,114.81511853577173,118.50955410030096,-3.694435564529229,10.179157152886994,290,264,5,14,30,14,29,9,14,3,0,18,63,58556858004179,11,21,10,18,11,14,22
陈培东,山东,113.00234548968314,118.0534205477584,-5.05107505807527,17.539761065661487,1276,499,12,13,36,44,42,22,27,0,0,25,209,58556858004179,50,77,31,79,16,22,27
王汝恒,山东,109.04039890566604,114.68304068951704,-5.642641783851005,15.980529189612636,600,663,10,5,33,65,59,43,29,1,0,60,236,50480050004092,38,73,38,107,46,54,21
李敬宇,山东,112.39144715495112,121.27395602580148,-8.882508870850359,14.329102818182685,232,932,24,27,77,56,85,14,33,2,0,32,307,58556858004179,57,108,58,142,19,25,29
贾诚,山东,106.68149446055071,118.7297763806385,-12.048281920087788,19.29498947499329,667,683,26,49,131,29,89,15,46,22,17,62,278,58556858004179,89,167,16,45,52,73,28
朱荣振,山东,98.67239661983635,119.10104867166248,-20.428652051826134,23.53196732004668,1015,82,1,10,9,0,22,1,10,3,2,11,37,58556858004179,13,25,0,0,11,17,14
张庆鹏,山东,96.2614616189316,117.4198982132773,-21.1584365943457,15.173497990967102,261,453,3,7,30,61,38,22,35,1,0,47,134,58556858004179,16,24,26,80,24,28,25
孙贺男,山东,101.28486576282114,123.1631822823652,-21.878316519544057,16.74558126439521,899,37,0,2,6,1,3,0,3,0,0,3,13,58556858004179,2,3,2,5,3,6,7
张辉,山东,93.6455974503077,118.96308558232546,-25.317488132017758,13.803104942513258,116,186,6,5,14,11,38,6,10,0,0,8,47,58556858004179,7,21,9,22,6,8,15
吴轲,山东,68.25800610578004,119.94169746740707,-51.68369136162703,14.692389103096875,435,174,4,4,31,17,31,2,18,5,0,9,32,58556858004179,10,25,1,8,9,12,16
刘大鹏,山东,54.56079173891195,112.03597689382046,-57.47518515490851,14.024731229408705,29,32,0,3,1,3,5,3,1,0,0,1,2,58556858004179,0,3,0,5,2,2,3
曼尼-哈里斯,山东,,133.92973517985538,,37.737370479377496,41,34,0,4,6,3,1,1,5,3,0,3,32,2019202000281,13,20,2,7,0,0,1
田嘉夫,山东,,120.5684494490735,,17.507255583269973,406,96,1,2,10,0,15,1,4,2,0,3,39,58556858004179,3,9,11,24,0,0,11
李泓翰,山东,,,,,203,0,0,0,0,0,0,0,0,0,0,0,0,58556858004179,0,0,0,0,0,0,0
王冠翔,山东,,,,,377,0,0,0,0,0,0,0,0,0,0,0,0,58556858004179,0,0,0,0,0,0,0
马光翰,山东,,,,,145,0,0,0,0,0,0,0,0,0,0,0,0,58556858004179,0,0,0,0,0,0,0
田雨,天津,115.59389007461269,127.0494742560644,-11.455584181451712,22.00666450397932,464,191,0,14,16,13,19,8,10,2,0,16,96,58556858004209,24,42,9,30,21,23,11
时德帅,天津,115.72771222520475,127.27547340948105,-11.547761184276297,18.687567016761445,667,1163,29,66,131,46,95,48,63,10,7,105,510,58556858004209,128,226,50,131,104,128,29
马尔科-托多罗维奇,天津,112.47534969688083,125.08643000921963,-12.6110803123388,28.049001608485163,551,812,23,86,214,74,81,41,90,22,8,157,525,58556858004209,178,294,11,32,136,189,23
金鑫,天津,116.26170457782277,129.4339369160781,-13.172232338255327,13.305781799038721,290,713,20,52,95,25,73,18,23,2,2,48,215,58556858004209,66,116,17,50,32,43,29
查森-兰德尔,天津,103.72824226166526,126.20681323714588,-22.478570975480622,36.40936826352004,725,744,2,13,67,94,68,38,77,5,3,136,574,58556858004209,115,257,72,195,128,147,23
李荣培,天津,97.86422491217449,125.40616390168634,-27.54193898951185,19.210259893002434,203,354,9,10,27,30,42,19,24,5,0,18,136,58556858004209,26,62,24,56,12,16,11
孟子凯,天津,98.64835681167801,126.85803961255785,-28.209682800879833,16.582867282349834,29,594,8,29,75,17,81,24,35,9,15,53,192,58556858004209,50,85,18,73,38,52,28
刘伟,天津,95.15840555000624,127.83419900374159,-32.67579345373535,15.563236984849633,609,239,6,12,16,8,52,9,12,0,0,11,70,58556858004209,24,48,6,18,4,8,20
栾晓君,天津,93.48278709481164,128.2851143542017,-34.80232725939007,14.803827045833147,116,27,0,0,2,0,2,1,0,0,0,3,7,58556858004209,2,7,0,0,3,4,6
何思雨,天津,82.01686845523611,123.82056627373971,-41.80369781850361,17.911734667115102,580,215,1,7,25,7,45,15,17,1,0,15,64,58556858004209,15,27,10,36,4,10,20
田野,天津,84.95091919060859,127.00578262523959,-42.054863434631,11.935060027262072,493,369,14,12,24,51,58,17,19,0,0,18,69,58556858004209,15,30,11,44,6,8,24
潘宁,天津,85.17773749185132,127.57423409358333,-42.39649660173201,15.780041818028623,174,274,0,18,21,3,41,5,17,13,1,29,68,58556858004209,17,39,6,26,16,29,20
史仪,天津,80.2452447564819,126.26314817065631,-46.01790341417441,18.83762018413717,638,607,14,11,36,97,65,32,59,1,0,56,178,58556858004209,31,71,27,103,35,40,25
刘帅,天津,80.08171608466034,127.79277189316664,-47.7110558085063,13.045564285261776,348,555,19,9,20,45,37,22,32,2,0,28,114,58556858004209,35,75,10,42,14,22,29
高森堡,天津,64.88434044793978,125.49153497410688,-60.607194526167106,15.51359957542789,58,16,0,2,1,0,0,1,0,0,0,1,2,58556858004209,1,3,0,2,0,1,2
孟祥龙,天津,,131.77353783555796,,0.0,406,5,0,0,1,1,2,0,0,0,0,1,0,58556858004209,0,0,0,0,0,0,1
关健,天津,,,,,1972,0,0,0,0,0,0,0,0,0,0,0,0,58556858004209,0,0,0,0,0,0,0
张云梦,天津,,,,,377,0,0,0,0,0,0,0,0,0,0,0,0,58556858004209,0,0,0,0,0,0,0
张智涵,天津,,,,,261,0,0,0,0,0,0,0,0,0,0,0,0,58556858004209,0,0,0,0,0,0,0
韩博林,天津,,,,,232,0,0,0,0,0,0,0,0,0,0,0,0,58556858004209,0,0,0,0,0,0,0
汉斯布鲁,四川,134.6377452928709,120.49373809376483,14.14400719910607,32.33719823398237,800,587,5,77,141,24,57,28,30,10,27,160,527,32307232003360,168,297,2,14,185,209,16
王政博,四川,118.02101728749955,113.86226038217387,4.158756905325674,13.398358610221383,174,16,1,0,0,1,5,2,0,0,0,1,5,58556858004210,0,0,1,4,2,2,1
景菡一,四川,118.40462038816948,125.86364526393142,-7.459024875761941,11.117262610128513,29,205,0,16,12,5,35,4,2,2,0,7,53,58556858004210,13,24,9,25,0,2,10
袁振梁,四川,113.15896394739195,125.19553137761226,-12.036567430220302,16.410923826386366,725,218,11,23,29,5,43,4,10,5,4,22,80,58556858004210,30,60,0,0,20,26,23
福特森,四川,111.01915404122302,124.02760820663144,-13.008454165408423,32.65166170078761,116,1036,24,43,134,209,104,43,99,0,0,326,795,58556858004210,179,345,59,176,260,341,29
托马斯-罗宾逊,四川,110.11041779704338,123.55885409295333,-13.448436295909943,26.968155155517742,533,306,2,51,81,12,36,15,21,10,18,49,182,26249626000850,72,136,0,4,38,60,11
陈辰,四川,106.12482566338586,125.63465141369588,-19.509825750310014,15.844962345512263,928,864,24,26,84,41,82,23,32,2,2,28,308,58556858004210,44,96,66,170,22,31,29
李原宇,四川,94.13665987557751,123.3119285297588,-29.175268654181295,18.309170303571076,435,1003,27,59,155,43,105,39,62,18,4,65,352,58556858004210,103,223,34,104,44,66,27
孟达,四川,92.60063053382956,123.49619922663294,-30.89556869280338,15.472564857497698,348,663,5,3,28,54,46,30,32,2,0,11,205,58556858004210,30,74,46,124,7,8,26
于刚,四川,93.71270323746683,127.08747816312878,-33.37477492566195,8.123689991277018,2233,69,3,8,8,4,9,1,1,0,0,2,7,58556858004210,2,10,0,0,3,4,7
莫蒙尘,四川,86.25506122496533,125.38383548315099,-39.12877425818566,15.09461037531209,290,476,16,12,21,19,57,14,25,0,0,19,128,58556858004210,14,45,29,83,13,24,21
侯天一,四川,83.06486686421528,127.13543498138574,-44.07056811717047,15.005850641362118,406,226,2,10,35,3,40,2,12,2,0,5,57,58556858004210,13,29,10,34,1,5,16
左朕年,四川,78.03273853211027,126.55874010750247,-48.5260015753922,16.95055204617041,377,348,5,9,28,12,27,7,9,0,0,24,88,58556858004210,21,61,8,48,22,37,19
李柯七,四川,73.87874056150501,122.6122593016373,-48.73351874013228,9.498635958036411,442,344,2,9,27,23,61,16,19,2,0,10,47,52499252004169,9,17,9,36,2,4,22
张松涛,四川,76.7388841500086,126.07775911945168,-49.33887496944308,12.775041085155701,1131,111,8,10,8,5,19,2,10,1,0,14,19,58556858004210,6,17,0,0,7,12,13
胡林森,四川,71.5322634397549,125.80780770106976,-54.27554426131486,15.461164277073925,232,189,8,2,13,6,16,5,7,0,0,5,41,58556858004210,4,18,9,38,6,8,12
袁堂文,四川,68.01528715590867,122.63922137087378,-54.62393421496512,14.080567945602319,87,151,2,5,6,33,19,8,13,0,0,15,26,58556858004210,8,21,2,10,4,10,13
闵庆飞,四川,,128.16686736775597,,21.96452231183833,203,18,0,2,3,1,7,0,0,0,0,2,4,58556858004210,2,6,0,3,0,0,4
胡钧淋,四川,,,,,58,0,0,0,0,0,0,0,0,0,0,0,0,58556858004210,0,0,0,0,0,0,0
郭治瀚,四川,,,,,319,0,0,0,0,0,0,0,0,0,0,0,0,58556858004210,0,0,0,0,0,0,0
于长春,同曦,125.12296603636226,126.18891806923308,-1.0659520328708254,16.063698620019142,174,417,1,14,31,10,41,9,12,1,0,22,176,58556858004181,23,34,39,95,13,16,20
雅克查理,同曦,116.54961824948296,121.83791285139029,-5.2882946019073245,20.212841906850244,1056,373,11,11,46,35,21,17,8,2,0,33,177,24230424001046,34,63,29,78,22,31,11
宋建骅,同曦,117.31332837629273,123.8643417162553,-6.551013339962566,14.365419838775601,232,857,26,35,79,45,72,33,37,10,0,55,296,58556858004181,45,77,52,133,50,57,27
约瑟夫-杨,同曦,116.03334187262746,123.41251002352647,-7.379168150899005,35.94055492166977,87,1136,27,22,100,199,38,56,109,0,22,218,999,58556858004181,273,469,90,235,183,203,28
郭一飞,同曦,113.26409358295975,125.17207359871081,-11.907980015751065,12.181076808411422,290,478,18,26,33,11,73,14,15,1,0,36,130,58556858004181,29,52,19,52,15,22,26
王睿,同曦,112.36085170808832,125.15556778626012,-12.794716078171803,13.979765714976553,609,460,14,30,48,8,89,13,16,1,1,22,143,58556858004181,41,74,16,42,13,23,26
亚布塞莱,同曦,108.8441265463014,123.56567361263676,-14.721547066335361,28.783986572761094,260,388,0,20,76,23,30,16,30,17,14,45,253,40384040003782,64,116,26,78,47,61,14
卢伟,同曦,106.50658487792384,123.40235866364775,-16.895773785723904,15.225973993434037,348,257,1,4,17,9,17,12,11,1,0,14,87,58556858004181,8,23,20,45,11,17,17
哈达迪,同曦,99.6993587336958,120.98678227109633,-21.287423537400528,23.040987105139425,390,811,20,88,286,130,100,21,102,67,28,110,362,52499252003534,131,229,6,29,82,119,26
买尔丹,同曦,104.12986876484547,126.04283521132491,-21.912966446479444,7.21630276068404,957,309,6,22,31,21,87,4,18,4,0,24,44,58556858004181,18,26,0,0,8,12,28
何敬佳,同曦,100.48347803885041,125.67153177336915,-25.188053734518746,13.636282954950868,580,498,14,23,29,30,60,11,22,5,0,27,135,58556858004181,57,102,1,12,18,32,24
乔文瀚,同曦,100.23729681479409,126.99980749621781,-26.76251068142372,17.292557098681684,261,341,5,17,21,17,46,4,15,2,0,24,113,58556858004181,27,63,12,40,23,28,23
李盛东,同曦,96.49808340905034,124.3669690031759,-27.868885594125558,18.536211186079726,2233,58,0,4,6,2,15,2,2,0,0,2,19,58556858004181,5,10,2,10,3,4,5
冯欣,同曦,97.76570525866414,126.97627142516717,-29.21056616650303,15.23128298600273,319,65,0,2,6,7,7,1,5,0,0,2,20,58556858004181,2,5,5,11,1,2,6
李柏润,同曦,88.3859967877353,124.8775375364585,-36.49154074872321,18.06349052876896,145,202,1,8,17,11,18,7,15,0,0,26,61,58556858004181,15,30,2,22,25,31,18
张韩,同曦,,127.47245290154501,,67.8724904540798,841,2,0,0,2,0,1,0,1,0,0,0,0,58556858004181,0,1,0,1,0,0,1
李泓澎,同曦,,127.1886479350625,,13.532209934769805,203,107,1,0,12,2,11,1,5,1,0,1,29,58556858004181,4,4,7,23,0,0,5
孙思尧,同曦,,122.34647473756291,,10.522866737066636,696,43,0,1,5,1,4,2,1,1,0,1,4,58556858004181,2,6,0,3,0,0,4
孔德高,吉林,129.80272456887718,120.30843798028128,9.494286588595898,11.514915774748847,203,22,0,0,3,0,3,1,0,0,0,5,7,58556858004235,2,3,0,0,3,6,3
姜宇星,吉林,127.75693917986504,118.75883913504352,8.998100044821527,12.437955115410078,377,998,29,39,76,64,89,57,36,7,2,88,338,58556858004235,113,174,14,25,70,94,29
霍尔曼,吉林,125.80930390767926,119.57670748321603,6.232596424463239,22.20150427492103,928,770,2,95,196,27,94,23,49,39,49,76,438,58556858004235,181,292,0,0,76,90,29
代怀博,吉林,122.51032729225975,123.36085328484559,-0.8505259925858439,14.890960263237368,1044,583,5,16,54,16,51,9,21,6,3,17,227,58556858004235,15,33,62,134,11,12,29
刘天意,吉林,118.1899641067282,121.54556771467935,-3.355603607951153,15.83772729302425,29,119,0,7,10,3,21,4,5,0,0,7,45,58556858004235,18,27,0,6,9,9,16
琼斯,吉林,113.01411177942104,118.85279955516361,-5.838687775742571,41.031430388509904,1485,1071,27,56,159,240,94,52,103,15,3,272,1005,54518454003815,266,471,71,253,260,326,27
姜伟泽,吉林,111.31742755057368,120.5766529400988,-9.259225389525113,18.190501649720314,319,730,1,16,43,38,39,33,19,0,0,34,301,58556858004235,24,70,76,193,25,31,29
崔晋铭,吉林,104.23521940370419,122.60493444618302,-18.36971504247883,16.7858249998662,145,983,28,25,81,71,66,24,42,6,0,83,349,58556858004235,107,207,21,77,72,94,29
鲍勒斯,吉林,110.37358805765174,130.69449003059873,-20.320901972946984,24.663399355043694,48,69,0,5,11,14,7,1,7,0,3,10,45,4038404000420,16,25,1,3,10,16,2
李安,吉林,99.56902180098909,122.38469472533208,-22.81567292434299,11.823848275526696,116,327,15,24,50,2,38,6,11,7,2,8,70,58556858004235,32,72,0,0,6,7,24
张彪,吉林,97.80693946925182,122.05679898564347,-24.249859516391652,19.11809952862104,406,337,14,12,16,12,57,9,21,2,0,27,130,58556858004235,56,111,0,0,18,26,25
钟诚,吉林,86.00955612236932,116.5654816547211,-30.55592553235178,12.042076867310126,348,679,22,25,107,53,99,45,30,18,2,21,131,58556858004235,31,73,20,72,9,16,29
夏钰博,吉林,86.85522666957198,125.5353233923151,-38.68009672274313,16.16988172624306,435,8,0,0,2,0,1,0,0,0,0,1,2,58556858004235,0,0,0,2,2,2,2
郭金林,吉林,17.986844055423415,125.41487616158601,-107.42803210616259,44.018011365883886,609,6,0,0,1,0,1,0,3,0,0,1,1,58556858004235,0,2,0,0,1,2,4
柴长易,吉林,,122.46976487703765,,16.1860677940371,174,111,2,3,9,3,13,3,7,0,0,4,29,58556858004235,4,10,7,23,0,0,17
付博文,吉林,,,,,87,0,0,0,0,0,0,0,0,0,0,0,0,58556858004235,0,0,0,0,0,0,0
廉明,吉林,,,,,1276,0,0,0,0,0,0,0,0,0,0,0,0,58556858004235,0,0,0,0,0,0,0
耿铭旸,吉林,,,,,957,0,0,0,0,0,0,0,0,0,0,0,0,58556858004235,0,0,0,0,0,0,0
弗格,北控,121.41603190975007,112.23766008191338,9.178371827836699,28.12884975133458,522,1010,28,32,157,172,84,66,89,9,0,244,733,58556858004239,135,243,73,183,244,290,28
摩尔特里,北控,124.15404099852896,119.63301567693766,4.521025321591296,24.77278068003109,25,147,0,26,29,3,14,4,8,3,7,16,89,10096010001340,36,66,0,0,17,23,5
宗赞,北控,112.70629001610834,112.70750222652465,-0.0012122104163125869,24.878866502612777,377,88,0,7,18,1,14,4,5,3,0,11,51,58556858004239,9,20,9,21,6,8,14
王少杰,北控,110.71462629621156,111.62388374401925,-0.9092574478076898,15.689580543287168,406,695,29,54,85,8,84,31,33,38,22,71,244,58556858004239,94,172,2,6,50,81,29
桑尼,北控,112.76918582389372,115.73032884484323,-2.961143020949507,22.597342371909747,203,802,26,98,171,42,71,27,49,9,3,117,398,58556858004239,144,282,3,27,101,118,26
贾森-汤普森,北控,110.1355772255273,113.56825295426961,-3.4326757287423106,19.947546225383324,144,704,1,66,195,33,89,28,42,15,16,82,316,48460848002899,134,235,1,8,45,71,24
孙桐林,北控,103.24076976774583,112.99385267701307,-9.753082909267235,13.23456053939079,1595,399,2,32,58,20,51,20,25,9,0,31,109,58556858004239,43,67,2,16,17,26,28
高尚,北控,103.7409842343141,115.00117776837804,-11.260193534063944,16.27777210590981,783,88,0,7,5,3,10,4,3,0,0,7,27,58556858004239,6,15,2,10,9,10,9
孙悦,北控,99.0949398538655,114.17852829627152,-15.083588442406025,17.779894014258723,261,1001,28,15,84,128,81,36,45,32,6,44,359,58556858004239,52,122,68,203,51,74,28
许梦君,北控,101.17975079109978,118.06745574938721,-16.88770495828743,18.151410463046073,551,303,3,1,7,7,24,6,16,0,0,9,121,58556858004239,14,32,29,72,6,10,29
张帆,北控,98.93938666132583,116.89520849286014,-17.95582183153431,18.930121425817703,87,619,1,8,34,47,49,18,38,1,0,17,249,58556858004239,51,114,46,106,9,16,29
王子瑞,北控,85.8574911077446,116.46011543101807,-30.602624323273474,17.736189599803616,29,821,26,18,43,70,67,26,60,3,0,46,257,58556858004239,88,175,17,75,30,44,28
陈金龙,北控,86.88377637266048,117.58100813304527,-30.697231760384796,13.244948517041225,957,96,1,1,6,4,19,2,1,0,0,5,21,58556858004239,6,14,2,12,3,4,16
王向彬,北控,82.00856471139589,120.59732406140421,-38.58875935000832,43.32700822264389,667,6,0,2,0,1,0,0,0,0,0,1,3,58556858004239,1,5,0,0,1,2,2
孟博龙,北控,66.08776837347293,110.28041604827168,-44.19264767479875,26.078400465138344,116,71,0,4,6,13,13,6,12,0,0,7,22,58556858004239,1,11,6,18,2,2,11
于梁,北控,,,,,319,0,0,0,0,0,0,0,0,0,0,0,0,58556858004239,0,0,0,0,0,0,0
常亚松,北控,,,,,464,0,0,0,0,0,0,0,0,0,0,0,0,58556858004239,0,0,0,0,0,0,0
景浩扬,北控,,,,,348,0,0,0,0,0,0,0,0,0,0,0,0,58556858004239,0,0,0,0,0,0,0
王征,北控,,,,,812,0,0,0,0,0,0,0,0,0,0,0,0,58556858004239,0,0,0,0,0,0,0
班铎,北控,,,,,841,0,0,0,0,0,0,0,0,0,0,0,0,58556858004239,0,0,0,0,0,0,0
陈子安,北控,,,,,580,0,0,0,0,0,0,0,0,0,0,0,0,58556858004239,0,0,0,0,0,0,0
尤度,北京,117.70337600010149,107.83589237193236,9.867483628169126,24.23817771993176,135,510,0,49,126,37,45,30,30,68,37,57,281,30288030002910,117,191,1,4,44,65,15
赵晏满,北京,115.02003122174533,106.96750363975026,8.052527581995065,24.02762652605032,29,18,1,2,3,0,6,2,2,0,2,2,10,58556858004210,4,6,0,0,2,2,3
汉密尔顿,北京,119.14052917852081,113.63380390362676,5.506725274894052,26.80039724640305,779,666,6,51,143,42,43,22,30,35,23,84,414,38364838002518,150,250,9,44,87,99,19
朱彦西,北京,116.34336087966255,117.48339742023069,-1.1400365405681328,14.005255714947248,377,593,9,10,49,24,42,16,8,4,0,13,196,58556858004210,13,25,55,134,5,8,20
周仪翔,北京,116.4303103261018,118.20191947778606,-1.7716091516842596,10.829765420601426,783,399,3,7,16,21,34,9,6,1,0,9,99,58556858004210,16,33,18,44,13,13,25
翟晓川,北京,113.18471539998156,115.92951622330095,-2.7448008233193946,19.736836645672902,580,978,27,31,131,74,85,35,54,15,5,108,434,58556858004210,116,182,32,104,106,128,27
王骁辉,北京,112.05404922537492,115.78430592536603,-3.730256699991102,11.08244367151041,2233,456,12,10,26,14,60,19,8,1,0,9,113,58556858004210,10,21,30,73,3,4,25
林书豪,北京,108.4176850696128,114.10155050753596,-5.68386543792316,33.4507418246173,168,786,23,22,113,132,85,43,81,4,0,220,561,48460848002992,140,276,34,89,179,211,23
段江鹏,北京,106.98363971926884,115.30112592568022,-8.317486206411388,15.18273749950399,319,208,0,7,17,12,13,10,16,0,0,15,70,58556858004210,6,14,16,30,10,11,19
张卓,北京,96.55798980967643,117.77854120958595,-21.220551399909525,14.603958684907004,638,131,6,5,14,6,17,3,6,1,0,9,35,58556858004210,11,20,2,8,7,12,15
丘天,北京,93.3601337117343,118.3102577436012,-24.950124031866892,14.694888191993712,551,210,22,11,22,4,54,1,7,7,4,11,52,58556858004210,21,48,0,0,10,19,23
常林,北京,90.99739562560625,117.9177233821104,-26.92032775650415,16.17117628579285,609,316,14,23,47,10,50,6,22,4,0,19,83,58556858004210,21,51,9,24,14,18,22
方硕,北京,88.442584427673,117.50753654050578,-29.064952112832785,19.58465307566087,232,796,16,9,79,123,72,22,49,3,0,41,267,58556858004210,65,152,37,105,26,32,26
刘晓宇,北京,75.65848191403954,116.53228985431777,-40.873807940278226,18.60688460993143,290,570,6,9,45,63,64,21,49,0,0,50,153,58556858004210,45,101,12,44,27,54,26
张才仁,北京,75.98232690463891,120.97276921667284,-44.990442312033935,13.793156416575915,464,100,0,1,7,4,12,0,5,0,0,3,20,58556858004210,7,20,1,2,3,3,15
王旭,北京,37.00758612990623,116.84686704006933,-79.8392809101631,19.76929661447738,116,61,0,1,5,9,11,2,8,0,0,5,6,58556858004210,0,5,1,10,3,4,7
孙昊锋,北京,,,,,58,0,0,0,0,0,0,0,0,0,0,0,0,58556858004210,0,0,0,0,0,0,0
孙晨然,北京,,,,,174,0,0,0,0,0,0,0,0,0,0,0,0,58556858004210,0,0,0,0,0,0,0
李佳益,北京,,,,,741,0,0,0,0,0,0,0,0,0,0,0,0,38364838003695,0,0,0,0,0,0,0
宁鸿宇,八一,117.83958616851886,123.35303402941304,-5.513447860894175,19.338163488471366,464,306,5,15,25,6,38,8,18,8,2,28,146,58556858004231,22,51,23,47,33,37,24
付豪,八一,114.05126868206679,125.38306469107444,-11.331796009007647,25.961562663749966,29,920,21,113,167,17,90,16,38,9,2,145,536,58556858004231,205,420,0,2,126,168,29
韩硕,八一,104.20329603290833,121.99818339438062,-17.79488736147229,18.99618065214613,957,224,0,7,39,21,15,12,15,0,0,27,93,58556858004231,13,27,17,43,16,23,11
阿尔斯兰,八一,103.29146123217929,122.86259076462268,-19.571129532443393,22.467932386702948,145,622,4,11,29,69,57,27,35,2,0,64,299,58556858004231,45,100,52,151,53,60,27
雷蒙,八一,102.81999378628512,122.77191780898787,-19.95192402270274,20.68793656385676,319,634,19,28,65,44,45,29,28,1,0,54,273,58556858004231,68,140,31,101,44,55,19
刘航初,八一,102.35599554691966,124.16144874310062,-21.805453196180963,21.831106491360668,261,529,14,25,66,22,52,14,28,7,0,56,240,58556858004231,65,135,20,67,50,64,23
郭昊文,八一,97.48037320816181,121.77754330405236,-24.29717009589055,25.51637459414591,174,404,2,15,41,33,54,20,32,3,6,83,203,58556858004231,48,109,10,45,77,101,19
罗凯文,八一,98.22607541621372,123.38100471243338,-25.154929296219663,18.878274469236576,493,558,10,20,54,17,50,19,23,7,1,32,209,58556858004231,48,106,27,88,32,42,27
田宇翔,八一,94.1339067489665,120.39788578681137,-26.263979037844877,17.609766570347592,203,693,24,11,55,62,57,42,32,9,0,41,237,58556858004231,74,173,18,48,35,45,26
王俊杰,八一,94.30979082089024,122.50186226871884,-28.192071447828596,16.83278477920865,87,624,19,21,69,60,60,29,32,2,3,68,201,58556858004231,65,139,9,33,44,70,29
缪光旸,八一,95.87336775646381,126.46949909658727,-30.596131340123463,20.99689623264332,609,79,0,6,2,2,8,1,6,0,1,6,33,58556858004231,15,28,0,0,3,7,9
张祖铭,八一,89.7140942811065,123.84558079412989,-34.13148651302339,16.83289812289888,580,253,10,27,17,11,27,7,11,4,0,25,66,58556858004231,12,30,7,41,21,30,15
马泳,八一,86.65694767610142,121.33644108302485,-34.67949340692343,16.9260694120288,725,98,0,6,7,6,16,5,8,1,0,7,28,58556858004231,8,17,2,9,6,7,10
许钟豪,八一,84.5938734113856,123.54960264244625,-38.955729231060644,13.885079137549578,783,566,17,39,91,28,75,12,23,18,4,49,121,58556858004231,48,128,0,4,25,47,28
邹雨宸,八一,70.54115251957609,123.25413419839859,-52.7129816788225,19.235829693174043,290,16,0,1,5,1,6,0,2,1,0,1,4,58556858004231,1,4,0,0,2,2,1
余晨,八一,71.1900395770443,127.02662059134697,-55.836581014302666,15.275999118954754,435,216,0,9,26,13,42,1,9,0,0,12,43,58556858004231,20,59,0,4,3,4,16
张旭,八一,62.46117687060472,123.83021137089261,-61.369034500287896,13.055843064789963,377,27,0,1,0,0,2,1,2,0,0,1,4,58556858004231,1,4,0,1,2,2,5
石颜博,八一,,124.04418536834655,,11.544383911882397,522,31,0,2,2,0,5,1,1,0,0,1,6,58556858004231,3,6,0,1,0,0,5
贾里德-康宁汉姆,上海,117.70800731380848,115.16566324196637,2.542344071842109,30.53105373342638,8,70,0,0,2,5,5,5,3,0,2,12,56,4038404000558,15,25,3,15,17,21,2
纳纳利,上海,121.09251413386023,118.94139543431332,2.151118699546913,26.918134664317872,252,390,0,17,49,40,17,14,18,1,2,53,268,24230424000710,60,124,31,62,55,65,12
黄旭,上海,116.33867718318804,119.10100960408367,-2.762332420895632,11.545716465075735,493,15,0,0,1,1,1,1,0,0,0,2,4,58556858004210,1,1,0,2,2,2,2
王潼,上海,105.68314848350131,117.32490088645537,-11.641752402954054,16.00849373575101,725,385,18,27,50,13,44,26,24,11,18,27,139,58556858004210,60,94,1,6,16,32,23
董瀚麟,上海,107.54745358310728,121.49466328625613,-13.947209703148843,17.452424773801706,290,791,9,69,113,38,89,29,47,13,28,83,301,58556858004210,114,213,0,0,73,112,26
罗汉琛,上海,104.99914212608603,123.55801615776328,-18.55887403167725,19.324215352535777,957,634,10,10,38,61,40,17,29,1,0,55,273,58556858004210,65,133,30,83,53,67,27
莫泰尤纳斯,上海,101.35263322261811,120.29581029786026,-18.943177075242147,29.476357699192565,336,990,26,86,323,95,68,48,92,14,15,215,623,56537656003938,235,412,23,74,84,168,27
雷-麦卡勒姆,上海,103.52691527950553,126.16698427195476,-22.64006899244923,30.99889309561189,352,515,3,11,47,103,29,18,25,1,3,78,344,32307232003214,92,208,30,84,70,94,16
李根,上海,102.3289185242992,125.22778168219084,-22.89886315789164,20.275603757902857,87,306,2,12,11,18,19,3,11,2,0,20,129,58556858004210,32,58,14,59,23,25,14
罗旭东,上海,98.88783668923776,122.17312585358096,-23.285289164343197,16.789035335374013,377,704,25,16,47,71,83,27,35,0,0,67,245,58556858004210,72,153,17,46,50,70,25
鞠明欣,上海,97.53599743918659,122.60063029570549,-25.064632856518898,16.304068563724783,696,387,10,13,26,17,65,11,18,4,4,14,130,58556858004210,40,72,13,43,11,19,27
张春军,上海,93.77773152267955,120.70737158148559,-26.929640058806044,9.642952746920624,261,424,16,19,31,23,62,20,20,3,0,18,77,58556858004210,19,42,10,23,9,15,25
颜鹏,上海,89.56624789637408,119.83523878897658,-30.268990892602503,15.209547237659367,0,160,0,12,17,7,19,8,8,3,0,6,41,58556858004210,5,13,9,30,4,8,17
蔡亮,上海,88.85720749376522,120.95550641940625,-32.09829892564103,13.599471600435109,29,684,8,19,46,32,88,31,29,5,3,58,166,58556858004210,33,97,24,67,28,35,28
施宇晨,上海,84.0541273291758,117.3422537780337,-33.288126448857895,16.07940814769844,319,336,17,14,17,52,48,26,19,2,0,12,86,58556858004210,20,57,11,38,13,16,24
吴永盛,上海,69.57740174298183,116.4168127968322,-46.83941105385037,22.895386804607423,406,34,1,1,1,3,5,3,4,0,0,3,11,58556858004210,5,9,0,4,1,1,6
朱瀛,上海,,126.87386825342386,,0.0,58,2,0,1,0,0,0,0,0,0,0,0,0,58556858004210,0,0,0,0,0,0,1
周彦旭,上海,,,,,32,0,0,0,0,0,0,0,0,0,0,0,0,4038404000558,0,0,0,0,0,0,0
唐子豪,上海,,,,,203,0,0,0,0,0,0,0,0,0,0,0,0,58556858004210,0,0,0,0,0,0,0
孟令源,上海,,,,,145,0,0,0,0,0,0,0,0,0,0,0,0,58556858004210,0,0,0,0,0,0,0
